date,venue_code,race_no,boat_no,racer_grade_num,win_rate,local_win_rate,national_2rate,local_2rate,st_avg,fly_count,motor_rate,exhibition_time,exhibition_st,tilt,is_night,wind_speed,rank,is_first
20260520,1,1,1,2,4.53,0.0,0.2568,0.0,0.14,0,0.3871,,,,0,4,5,0
20260520,1,1,2,1,4.16,4.24,0.1765,0.24,0.2,0,0.2941,,,,0,4,2,0
20260520,1,1,3,3,4.98,0.0,0.2969,0.0,0.15,0,0.5517,,,,0,4,1,1
20260520,1,1,4,1,,,,,,0,,,,,0,4,4,0
20260520,1,1,5,1,,,,,,0,,,,,0,4,3,0
20260520,1,1,6,1,,,,,,0,,,,,0,4,6,0
20260520,1,2,1,2,3.62,3.57,0.1474,0.1143,0.18,0,0.2683,,,,0,4,3,0
20260520,1,2,2,1,,,,,,0,,,,,0,4,4,0
20260520,1,2,3,1,2.6,1.69,0.0645,0.0185,0.2,0,0.4474,,,,0,4,6,0
20260520,1,2,4,3,5.72,0.0,0.3504,0.0,0.16,0,0.3434,,,,0,4,1,1
20260520,1,2,5,1,,,,,,0,,,,,0,4,2,0
20260520,1,2,6,1,,,,,,0,,,,,0,4,5,0
20260520,1,3,1,2,4.86,3.18,0.2857,0.0909,0.18,0,0.2903,,,,0,3,5,0
20260520,1,3,2,2,4.94,3.41,0.2439,0.1110999999999999,0.18,0,0.3303,,,,0,3,1,1
20260520,1,3,3,1,,,,,,0,,,,,0,3,14,0
20260520,1,3,4,1,,,,,,0,,,,,0,3,2,0
20260520,1,3,5,1,,,,,,0,,,,,0,3,4,0
20260520,1,3,6,4,6.3,5.25,0.4138,0.125,0.11,0,0.3246,,,,0,3,3,0
20260520,1,4,1,2,4.64,5.11,0.243,0.2778,0.2,0,0.3684,,,,0,3,1,1
20260520,1,4,2,2,4.69,4.79,0.2976,0.3103,0.18,0,0.4607,,,,0,3,3,0
20260520,1,4,3,2,4.11,3.6,0.1522,0.15,0.16,0,0.4301,,,,0,3,4,0
20260520,1,4,4,1,,,,,,0,,,,,0,3,5,0
20260520,1,4,5,1,,,,,,0,,,,,0,3,6,0
20260520,1,4,6,1,,,,,,0,,,,,0,3,2,0
20260520,1,5,1,2,4.48,5.2,0.2021,0.2667,0.15,0,0.3981,,,,0,3,1,1
20260520,1,5,2,1,,,,,,0,,,,,0,3,3,0
20260520,1,5,3,4,6.03,0.0,0.4090999999999999,0.0,0.15,0,0.2805,,,,0,3,4,0
20260520,1,5,4,1,,,,,,0,,,,,0,3,6,0
20260520,1,5,5,1,,,,,,0,,,,,0,3,5,0
20260520,1,5,6,2,4.0,3.96,0.2113,0.2,0.16,0,0.2614,,,,0,3,2,0
20260520,1,6,1,4,6.4,6.31,0.4443999999999999,0.375,0.13,0,0.3267,,,,0,4,1,1
20260520,1,6,2,2,6.22,0.0,0.4667,0.0,0.17,0,0.2619,,,,0,4,5,0
20260520,1,6,3,2,5.08,5.35,0.3093,0.2727,0.19,0,0.2967,,,,0,4,3,0
20260520,1,6,4,2,3.62,3.57,0.1474,0.1143,0.18,0,0.2683,,,,0,4,4,0
20260520,1,6,5,1,,,,,,0,,,,,0,4,2,0
20260520,1,6,6,1,,,,,,0,,,,,0,4,6,0
20260520,1,7,1,3,5.8,6.05,0.3583,0.4286,0.16,0,0.3486,,,,0,4,1,1
20260520,1,7,2,1,4.22,6.39,0.3333,0.5652,0.11,0,0.3646,,,,0,4,4,0
20260520,1,7,3,4,6.86,5.83,0.54,0.4443999999999999,0.16,0,0.2708,,,,0,4,3,0
20260520,1,7,4,1,,,,,,0,,,,,0,4,5,0
20260520,1,7,5,1,,,,,,0,,,,,0,4,2,0
20260520,1,7,6,1,,,,,,0,,,,,0,4,6,0
20260520,1,8,1,3,6.65,0.0,0.5074000000000001,0.0,0.14,0,0.4736999999999999,,,,0,4,1,1
20260520,1,8,2,2,4.53,0.0,0.2568,0.0,0.14,0,0.3871,,,,0,4,3,0
20260520,1,8,3,1,,,,,,0,,,,,0,4,4,0
20260520,1,8,4,1,,,,,,0,,,,,0,4,6,0
20260520,1,8,5,1,,,,,,0,,,,,0,4,2,0
20260520,1,8,6,1,,,,,,0,,,,,0,4,5,0
20260520,1,9,1,2,5.04,4.07,0.3429,0.1333,0.18,0,0.4090999999999999,,,,1,4,1,1
20260520,1,9,2,1,,,,,,0,,,,,1,4,5,0
20260520,1,9,3,3,5.72,0.0,0.3504,0.0,0.16,0,0.3434,,,,1,4,3,0
20260520,1,9,4,1,,,,,,0,,,,,1,4,6,0
20260520,1,9,5,1,,,,,,0,,,,,1,4,2,0
20260520,1,9,6,1,,,,,,0,,,,,1,4,4,0
20260520,1,10,1,2,6.21,0.0,0.4347999999999999,0.0,0.15,0,0.4,,,,1,3,1,1
20260520,1,10,2,4,6.4,6.31,0.4443999999999999,0.375,0.13,0,0.3267,,,,1,3,4,0
20260520,1,10,3,2,3.81,4.04,0.1682,0.2,0.19,0,0.3265,,,,1,3,5,0
20260520,1,10,4,1,,,,,,0,,,,,1,3,3,0
20260520,1,10,5,1,,,,,,0,,,,,1,3,2,0
20260520,1,10,6,1,,,,,,0,,,,,1,3,6,0
20260520,1,11,1,3,5.82,2.63,0.3846,0.125,0.15,0,0.44,,,,1,2,3,0
20260520,1,11,2,4,6.53,7.42,0.5111,0.5789,0.15,0,0.4257,,,,1,2,1,1
20260520,1,11,3,1,,,,,,0,,,,,1,2,2,0
20260520,1,11,4,1,,,,,,0,,,,,1,2,4,0
20260520,1,11,5,2,4.48,5.2,0.2021,0.2667,0.15,0,0.3981,,,,1,2,5,0
20260520,1,11,6,1,4.22,6.39,0.3333,0.5652,0.11,0,0.3646,,,,1,2,6,0
20260520,1,12,1,4,6.03,0.0,0.4090999999999999,0.0,0.15,0,0.2805,,,,1,1,5,0
20260520,1,12,2,3,6.65,0.0,0.5074000000000001,0.0,0.14,0,0.4736999999999999,,,,1,1,6,0
20260520,1,12,3,1,,,,,,0,,,,,1,1,2,0
20260520,1,12,4,1,,,,,,0,,,,,1,1,1,1
20260520,1,12,5,1,,,,,,0,,,,,1,1,4,0
20260520,1,12,6,1,,,,,,0,,,,,1,1,3,0
20260520,5,1,1,2,3.59,3.36,0.1507,0.1429,0.18,0,0.2632,,,,0,3,3,0
20260520,5,1,2,2,3.93,3.6,0.1449,0.0667,0.16,0,0.4443999999999999,,,,0,3,5,0
20260520,5,1,3,2,5.17,6.14,0.3636,0.5,0.15,0,0.0526,,,,0,3,1,1
20260520,5,1,4,3,5.75,6.0,0.3804,0.5556,0.16,0,0.1176,,,,0,3,2,0
20260520,5,1,5,2,3.74,0.0,0.1538,0.0,0.19,0,0.5,,,,0,3,4,0
20260520,5,1,6,1,0.0,0.0,0.0,0.0,,0,0.5789,,,,0,3,6,0
20260520,5,2,1,2,4.28,4.05,0.2791,0.2716,0.15,0,0.2963,,,,0,2,1,1
20260520,5,2,2,2,3.48,4.31,0.1773999999999999,0.1875,0.16,0,0.1818,,,,0,2,2,0
20260520,5,2,3,2,4.38,4.55,0.1522,0.2759,0.19,0,0.6,,,,0,2,5,0
20260520,5,2,4,3,5.42,5.33,0.36,0.4443999999999999,0.14,0,0.5,,,,0,2,4,0
20260520,5,2,5,3,5.27,5.53,0.3077,0.3529,0.17,0,0.3684,,,,0,2,6,0
20260520,5,2,6,2,4.22,3.17,0.2092999999999999,0.0435,0.16,0,0.3,,,,0,2,3,0
20260520,5,3,1,2,6.0,5.28,0.4286,0.3889,0.16,0,0.1110999999999999,,,,0,4,2,0
20260520,5,3,2,3,5.22,5.39,0.3284,0.3704,0.16,0,0.6667000000000001,,,,0,4,1,1
20260520,5,3,3,2,4.65,5.15,0.23,0.3333,0.16,0,0.35,,,,0,4,5,0
20260520,5,3,4,4,6.22,6.88,0.4154,0.5882000000000001,0.16,0,0.1724,,,,0,4,3,0
20260520,5,3,5,2,5.16,4.94,0.3258,0.2778,0.13,1,0.3333,,,,0,4,4,0
20260520,5,3,6,2,4.69,0.0,0.3196,0.0,0.16,0,0.2727,,,,0,4,6,0
20260520,5,4,1,2,5.06,4.43,0.2821,0.1429,0.17,0,0.25,,,,0,2,1,1
20260520,5,4,2,2,5.57,6.12,0.36,0.4118,0.18,0,0.0526,,,,0,2,2,0
20260520,5,4,3,3,5.44,5.41,0.3774,0.2821,0.17,0,0.1667,,,,0,2,3,0
20260520,5,4,4,2,4.54,4.88,0.275,0.25,0.2,0,0.3182,,,,0,2,6,0
20260520,5,4,5,4,5.64,7.18,0.3431,0.5882000000000001,0.16,0,0.0556,,,,0,2,4,0
20260520,5,4,6,1,2.13,0.0,0.0159,0.0,0.22,0,0.4211,,,,0,2,5,0
20260520,5,5,1,1,5.18,4.43,0.3289,0.2286,0.2,0,0.619,,,,0,4,3,0
20260520,5,5,2,2,4.9,5.38,0.2941,0.375,0.18,0,0.35,,,,0,4,6,0
20260520,5,5,3,4,6.34,5.73,0.4122,0.3667,0.16,0,0.0769,,,,0,4,2,0
20260520,5,5,4,3,4.87,5.63,0.3095,0.3947,0.12,0,0.2632,,,,0,4,1,1
20260520,5,5,5,2,4.12,4.23,0.2268,0.2,0.19,0,0.3333,,,,0,4,4,0
20260520,5,5,6,3,5.31,5.81,0.2991,0.3704,0.18,0,0.15,,,,0,4,5,0
20260520,5,6,1,2,5.75,5.61,0.4,0.2857,0.15,0,0.2221999999999999,,,,0,2,1,1
20260520,5,6,2,2,4.3,3.58,0.2087999999999999,0.1578999999999999,0.17,0,0.5238,,,,0,2,3,0
20260520,5,6,3,2,3.59,3.36,0.1507,0.1429,0.18,0,0.2632,,,,0,2,5,0
20260520,5,6,4,4,5.63,6.16,0.36,0.4897999999999999,0.14,0,0.4118,,,,0,2,4,0
20260520,5,6,5,4,7.25,7.73,0.5104,0.6667000000000001,0.15,0,0.3684,,,,0,2,2,0
20260520,5,6,6,1,2.43,1.39,0.0395,0.0,0.18,0,0.4761999999999999,,,,0,2,6,0
20260520,5,7,1,2,3.48,4.31,0.1773999999999999,0.1875,0.16,0,0.1818,,,,0,5,1,1
20260520,5,7,2,1,,,,,,0,,,,,0,5,5,0
20260520,5,7,3,4,6.36,6.08,0.4599,0.3875,0.15,0,0.2632,,,,0,5,2,0
20260520,5,7,4,2,3.93,3.6,0.1449,0.0667,0.16,0,0.4443999999999999,,,,0,5,6,0
20260520,5,7,5,1,,,,,,0,,,,,0,5,3,0
20260520,5,7,6,2,5.27,5.05,0.2826,0.3684,0.15,0,0.3,,,,0,5,4,0
20260520,5,8,1,3,5.75,5.96,0.405,0.4286,0.15,0,0.5,,,,0,5,1,1
20260520,5,8,2,2,4.22,3.17,0.2092999999999999,0.0435,0.16,0,0.3,,,,0,5,2,0
20260520,5,8,3,1,,,,,,0,,,,,0,5,3,0
20260520,5,8,4,2,3.94,4.33,0.18,0.2,0.2,0,0.2857,,,,0,5,4,0
20260520,5,8,5,1,2.13,0.0,0.0159,0.0,0.22,0,0.4211,,,,0,5,5,0
20260520,5,8,6,1,,,,,,0,,,,,0,5,6,0
20260520,5,9,1,3,5.44,5.41,0.3774,0.2821,0.17,0,0.1667,,,,0,2,1,1
20260520,5,9,2,2,4.65,5.15,0.23,0.3333,0.16,0,0.35,,,,0,2,4,0
20260520,5,9,3,1,,,,,,0,,,,,0,2,2,0
20260520,5,9,4,2,4.38,4.55,0.1522,0.2759,0.19,0,0.6,,,,0,2,3,0
20260520,5,9,5,1,,,,,,0,,,,,0,2,5,0
20260520,5,9,6,2,3.74,0.0,0.1538,0.0,0.19,0,0.5,,,,0,2,6,0
20260520,5,10,1,3,5.75,6.0,0.3804,0.5556,0.16,0,0.1176,,,,0,1,2,0
20260520,5,10,2,1,,,,,,0,,,,,0,1,4,0
20260520,5,10,3,3,5.31,5.81,0.2991,0.3704,0.18,0,0.15,,,,0,1,3,0
20260520,5,10,4,1,,,,,,0,,,,,0,1,5,0
20260520,5,10,5,1,,,,,,0,,,,,0,1,6,0
20260520,5,10,6,1,,,,,,0,,,,,0,1,1,1
20260520,5,11,1,4,5.63,6.16,0.36,0.4897999999999999,0.14,0,0.4118,,,,0,3,1,1
20260520,5,11,2,2,5.16,4.94,0.3258,0.2778,0.13,1,0.3333,,,,0,3,2,0
20260520,5,11,3,3,4.87,5.63,0.3095,0.3947,0.12,0,0.2632,,,,0,3,4,0
20260520,5,11,4,1,,,,,,0,,,,,0,3,3,0
20260520,5,11,5,1,,,,,,0,,,,,0,3,5,0
20260520,5,11,6,3,5.27,5.53,0.3077,0.3529,0.17,0,0.3684,,,,0,3,6,0
20260520,5,12,1,4,6.36,6.08,0.4599,0.3875,0.15,0,0.2632,,,,0,2,1,1
20260520,5,12,2,1,,,,,,0,,,,,0,2,5,0
20260520,5,12,3,1,,,,,,0,,,,,0,2,2,0
20260520,5,12,4,1,,,,,,0,,,,,0,2,3,0
20260520,5,12,5,1,,,,,,0,,,,,0,2,4,0
20260520,5,12,6,4,6.22,6.88,0.4154,0.5882000000000001,0.16,0,0.1724,,,,0,2,6,0
20260520,8,1,1,4,6.64,7.69,0.4854,0.5625,0.14,0,0.3554,,,,0,2,1,1
20260520,8,1,2,2,4.48,5.0,0.2439,0.1667,0.19,0,0.2353,,,,0,2,3,0
20260520,8,1,3,1,,,,,,0,,,,,0,2,4,0
20260520,8,1,4,1,,,,,,0,,,,,0,2,5,0
20260520,8,1,5,1,,,,,,0,,,,,0,2,2,0
20260520,8,1,6,1,,,,,,0,,,,,0,2,9,0
20260520,8,2,1,2,4.47,3.8,0.2435999999999999,0.1333,0.15,0,0.2913,,,,0,1,5,0
20260520,8,2,2,4,6.37,7.04,0.3918,0.48,0.12,0,0.3284,,,,0,1,1,1
20260520,8,2,3,1,,,,,,0,,,,,0,1,2,0
20260520,8,2,4,1,,,,,,0,,,,,0,1,4,0
20260520,8,2,5,3,6.16,7.64,0.4425,0.5714,0.14,0,0.3684,,,,0,1,3,0
20260520,8,2,6,1,0.0,0.0,0.0,0.0,,0,0.312,,,,0,1,6,0
20260520,8,3,1,2,5.85,6.05,0.4022,0.475,0.18,0,0.3386,,,,0,1,2,0
20260520,8,3,2,1,,,,,,0,,,,,0,1,4,0
20260520,8,3,3,1,,,,,,0,,,,,0,1,3,0
20260520,8,3,4,1,,,,,,0,,,,,0,1,5,0
20260520,8,3,5,1,1.12,1.14,0.0,0.0,0.22,1,0.2562,,,,0,1,6,0
20260520,8,3,6,4,6.41,7.82,0.4224,0.6765000000000001,0.14,0,0.3971,,,,0,1,1,1
20260520,8,4,1,1,4.67,3.83,0.3167999999999999,0.2571,0.16,0,0.2868,,,,0,1,6,0
20260520,8,4,2,3,5.61,6.06,0.3636,0.4722,0.14,1,0.3308,,,,0,1,5,0
20260520,8,4,3,1,,,,,,0,,,,,0,1,1,1
20260520,8,4,4,1,,,,,,0,,,,,0,1,3,0
20260520,8,4,5,1,,,,,,0,,,,,0,1,4,0
20260520,8,4,6,4,6.87,6.47,0.5118,0.5055,0.17,0,0.4090999999999999,,,,0,1,2,0
20260520,8,5,1,3,5.26,5.34,0.297,0.3636,0.14,0,0.2683,,,,0,3,4,0
20260520,8,5,2,4,5.64,7.44,0.3268999999999999,0.6111,0.15,0,0.4418999999999999,,,,0,3,2,0
20260520,8,5,3,1,,,,,,0,,,,,0,3,1,1
20260520,8,5,4,1,,,,,,0,,,,,0,3,5,0
20260520,8,5,5,1,,,,,,0,,,,,0,3,3,0
20260520,8,5,6,1,,,,,,0,,,,,0,3,6,0
20260520,8,6,1,3,5.53,5.39,0.3965999999999999,0.2609,0.15,0,0.5039,,,,0,3,3,0
20260520,8,6,2,2,3.89,3.81,0.1898999999999999,0.193,0.17,0,0.3459,,,,0,3,4,0
20260520,8,6,3,1,,,,,,0,,,,,0,3,5,0
20260520,8,6,4,1,,,,,,0,,,,,0,3,2,0
20260520,8,6,5,1,1.5,0.0,0.0,0.0,,0,0.2148999999999999,,,,0,3,6,0
20260520,8,6,6,1,,,,,,0,,,,,0,3,1,1
20260520,8,7,1,2,4.79,5.11,0.2586,0.2857,0.17,0,0.2623,,,,0,3,1,1
20260520,8,7,2,1,,,,,,0,,,,,0,3,2,0
20260520,8,7,3,1,,,,,,0,,,,,0,3,4,0
20260520,8,7,4,2,4.47,3.8,0.2435999999999999,0.1333,0.15,0,0.2913,,,,0,3,6,0
20260520,8,7,5,1,,,,,,0,,,,,0,3,3,0
20260520,8,7,6,1,,,,,,0,,,,,0,3,5,0
20260520,8,8,1,2,4.47,4.19,0.24,0.2307999999999999,0.15,0,0.4172999999999999,,,,0,2,1,1
20260520,8,8,2,1,,,,,,0,,,,,0,2,2,0
20260520,8,8,3,2,5.72,4.56,0.3707,0.1563,0.16,0,0.3253999999999999,,,,0,2,5,0
20260520,8,8,4,1,,,,,,0,,,,,0,2,3,0
20260520,8,8,5,1,,,,,,0,,,,,0,2,6,0
20260520,8,8,6,3,5.95,5.13,0.4216,0.3913,0.16,0,0.2619,,,,0,2,4,0
20260520,8,9,1,2,4.54,3.38,0.2581,0.1379,0.17,0,0.4803,,,,0,2,1,1
20260520,8,9,2,2,3.77,5.44,0.1856,0.4443999999999999,0.15,0,0.3306,,,,0,2,4,0
20260520,8,9,3,1,,,,,,0,,,,,0,2,2,0
20260520,8,9,4,1,,,,,,0,,,,,0,2,3,0
20260520,8,9,5,1,,,,,,0,,,,,0,2,5,0
20260520,8,9,6,1,,,,,,0,,,,,0,2,6,0
20260520,8,10,1,4,7.28,6.91,0.5545,0.5,0.14,0,0.375,,,,0,2,1,1
20260520,8,10,2,1,,,,,,0,,,,,0,2,2,0
20260520,8,10,3,1,,,,,,0,,,,,0,2,6,0
20260520,8,10,4,4,6.67,6.96,0.4882,0.5062,0.19,0,0.2719,,,,0,2,5,0
20260520,8,10,5,1,,,,,,0,,,,,0,2,3,0
20260520,8,10,6,3,6.16,7.64,0.4425,0.5714,0.14,0,0.3684,,,,0,2,4,0
20260520,8,11,1,4,6.37,7.04,0.3918,0.48,0.12,0,0.3284,,,,0,2,1,1
20260520,8,11,2,2,5.33,4.14,0.3461999999999999,0.1429,0.15,0,0.2927,,,,0,2,6,0
20260520,8,11,3,1,,,,,,0,,,,,0,2,4,0
20260520,8,11,4,1,,,,,,0,,,,,0,2,2,0
20260520,8,11,5,1,,,,,,0,,,,,0,2,3,0
20260520,8,11,6,1,,,,,,0,,,,,0,2,5,0
20260520,8,12,1,4,6.78,7.3,0.4938,0.5667,0.17,0,0.2957,,,,0,2,1,1
20260520,8,12,2,1,,,,,,0,,,,,0,2,3,0
20260520,8,12,3,1,,,,,,0,,,,,0,2,2,0
20260520,8,12,4,4,6.41,7.82,0.4224,0.6765000000000001,0.14,0,0.3971,,,,0,2,6,0
20260520,8,12,5,3,5.59,5.97,0.3592,0.4063,0.16,0,0.2683,,,,0,2,4,0
20260520,8,12,6,1,,,,,,0,,,,,0,2,5,0
20260520,9,1,1,4,7.08,6.05,0.5317000000000001,0.381,0.15,0,0.4231,,,,0,3,1,1
20260520,9,1,2,2,4.4,4.32,0.2346,0.24,0.17,0,0.3333,,,,0,3,5,0
20260520,9,1,3,2,4.01,3.33,0.2092999999999999,0.0,0.16,0,0.4118,,,,0,3,2,0
20260520,9,1,4,2,4.62,4.29,0.2041,0.2,0.16,0,0.1884,,,,0,3,4,0
20260520,9,1,5,2,3.78,0.0,0.1698,0.0,0.18,0,0.3492,,,,0,3,3,0
20260520,9,1,6,1,1.43,0.0,0.0,0.0,,0,0.3433,,,,0,3,6,0
20260520,9,2,1,2,4.01,4.7,0.2632,0.3178,0.2,0,0.3167,,,,0,2,4,0
20260520,9,2,2,2,4.43,4.67,0.2087999999999999,0.0,0.16,0,0.2373,,,,0,2,5,0
20260520,9,2,3,2,4.36,3.88,0.1313,0.125,0.18,0,0.4474,,,,0,2,2,0
20260520,9,2,4,2,4.48,4.67,0.2573999999999999,0.0,0.19,0,0.2115,,,,0,2,1,1
20260520,9,2,5,2,4.88,4.17,0.3429,0.2173999999999999,0.16,0,0.377,,,,0,2,3,0
20260520,9,2,6,1,0.0,0.0,0.0,0.0,,0,0.2778,,,,0,2,6,0
20260520,9,3,1,2,5.79,5.47,0.3626,0.3157999999999999,0.15,0,0.3582,,,,0,3,1,1
20260520,9,3,2,2,5.69,0.0,0.3143,0.0,0.16,0,0.2429,,,,0,3,6,0
20260520,9,3,3,3,5.95,5.41,0.4362,0.3529,0.15,0,0.4025999999999999,,,,0,3,4,0
20260520,9,3,4,3,6.21,6.47,0.4696,0.5294,0.16,0,0.2321,,,,0,3,3,0
20260520,9,3,5,2,6.02,6.0,0.4653,0.4167,0.17,0,0.2727,,,,0,3,5,0
20260520,9,3,6,4,6.9,6.2,0.4432,0.4,0.15,0,0.3661999999999999,,,,0,3,2,0
20260520,9,4,1,2,5.01,5.56,0.2913,0.3889,0.15,0,0.4179,,,,0,3,1,1
20260520,9,4,2,2,4.24,4.93,0.3077,0.325,0.16,0,0.434,,,,0,3,4,0
20260520,9,4,3,1,3.86,4.95,0.1176,0.2955,,0,0.2588,,,,0,3,3,0
20260520,9,4,4,2,4.46,5.37,0.2647,0.3684,0.17,0,0.2429,,,,0,3,2,0
20260520,9,4,5,2,4.85,4.48,0.2353,0.3103,0.16,0,0.3469,,,,0,3,6,0
20260520,9,4,6,2,4.03,3.26,0.1684,0.1052999999999999,0.18,0,0.4097999999999999,,,,0,3,5,0
20260520,9,5,1,4,6.32,6.25,0.4804,0.5,0.15,0,0.2941,,,,0,3,1,1
20260520,9,5,2,2,5.28,4.58,0.2935,0.2692,0.17,0,0.2,,,,0,3,14,0
20260520,9,5,3,2,4.21,0.0,0.2471,0.0,0.14,0,0.3514,,,,0,3,3,0
20260520,9,5,4,2,4.93,3.0,0.2737,0.0713999999999999,0.19,0,0.3918999999999999,,,,0,3,2,0
20260520,9,5,5,2,4.3,4.99,0.2676,0.2841,0.16,0,0.2949,,,,0,3,4,0
20260520,9,5,6,2,4.15,4.76,0.2471999999999999,0.3157999999999999,0.18,0,0.4054,,,,0,3,5,0
20260520,9,6,1,2,5.0,0.0,0.3514,0.0,0.16,0,0.3117,,,,0,3,3,0
20260520,9,6,2,3,5.95,6.79,0.4150999999999999,0.5714,0.15,0,0.2,,,,0,3,1,1
20260520,9,6,3,2,3.97,4.36,0.2173999999999999,0.3636,0.15,0,0.1485999999999999,,,,0,3,4,0
20260520,9,6,4,4,7.17,6.35,0.6058,0.4493,0.13,0,0.3273,,,,0,3,9,0
20260520,9,6,5,2,4.36,3.88,0.1313,0.125,0.18,0,0.4474,,,,0,3,2,0
20260520,9,6,6,3,5.84,6.36,0.44,0.3928999999999999,0.17,0,0.3,,,,0,3,5,0
20260520,9,7,1,2,4.88,4.17,0.3429,0.2173999999999999,0.16,0,0.377,,,,0,3,6,0
20260520,9,7,2,3,5.87,0.0,0.4700999999999999,0.0,0.17,0,0.3393,,,,0,3,2,0
20260520,9,7,3,1,,,,,,0,,,,,0,3,5,0
20260520,9,7,4,3,5.74,0.0,0.4185999999999999,0.0,0.16,0,0.3857,,,,0,3,1,1
20260520,9,7,5,1,,,,,,0,,,,,0,3,3,0
20260520,9,7,6,2,4.01,3.33,0.2092999999999999,0.0,0.16,0,0.4118,,,,0,3,4,0
20260520,9,8,1,2,6.02,6.0,0.4653,0.4167,0.17,0,0.2727,,,,0,3,5,0
20260520,9,8,2,2,4.62,4.29,0.2041,0.2,0.16,0,0.1884,,,,0,3,4,0
20260520,9,8,3,4,7.53,6.45,0.625,0.55,0.14,0,0.2455999999999999,,,,0,3,1,1
20260520,9,8,4,1,,,,,,0,,,,,0,3,2,0
20260520,9,8,5,1,,,,,,0,,,,,0,3,6,0
20260520,9,8,6,1,,,,,,0,,,,,0,3,3,0
20260520,9,9,1,3,5.95,5.41,0.4362,0.3529,0.15,0,0.4025999999999999,,,,0,3,1,1
20260520,9,9,2,3,6.22,6.36,0.4454,0.2727,0.17,0,0.4857,,,,0,3,4,0
20260520,9,9,3,1,,,,,,0,,,,,0,3,2,0
20260520,9,9,4,1,,,,,,0,,,,,0,3,6,0
20260520,9,9,5,1,,,,,,0,,,,,0,3,3,0
20260520,9,9,6,2,4.43,4.67,0.2087999999999999,0.0,0.16,0,0.2373,,,,0,3,5,0
20260520,9,10,1,3,5.8,5.29,0.3985,0.2857,0.16,0,0.3622999999999999,,,,0,1,2,0
20260520,9,10,2,4,7.12,6.21,0.5529,0.5,0.16,0,0.1052999999999999,,,,0,1,1,1
20260520,9,10,3,2,4.85,4.48,0.2353,0.3103,0.16,0,0.3469,,,,0,1,6,0
20260520,9,10,4,3,6.23,4.8,0.4809,0.2,0.19,0,0.3622999999999999,,,,0,1,3,0
20260520,9,10,5,1,,,,,,0,,,,,0,1,4,0
20260520,9,10,6,1,,,,,,0,,,,,0,1,5,0
20260520,9,11,1,3,6.21,6.47,0.4696,0.5294,0.16,0,0.2321,,,,0,1,2,0
20260520,9,11,2,2,4.15,4.76,0.2471999999999999,0.3157999999999999,0.18,0,0.4054,,,,0,1,3,0
20260520,9,11,3,1,,,,,,0,,,,,0,1,4,0
20260520,9,11,4,1,,,,,,0,,,,,0,1,5,0
20260520,9,11,5,1,,,,,,0,,,,,0,1,1,1
20260520,9,11,6,1,,,,,,0,,,,,0,1,6,0
20260520,9,12,1,4,7.53,6.45,0.625,0.55,0.14,0,0.2455999999999999,,,,0,1,4,0
20260520,9,12,2,4,7.14,6.13,0.575,0.25,0.16,0,0.3651,,,,0,1,3,0
20260520,9,12,3,1,,,,,,0,,,,,0,1,5,0
20260520,9,12,4,4,7.08,6.05,0.5317000000000001,0.381,0.15,0,0.4231,,,,0,1,1,1
20260520,9,12,5,1,,,,,,0,,,,,0,1,2,0
20260520,9,12,6,1,,,,,,0,,,,,0,1,6,0
20260520,11,1,1,3,6.82,7.18,0.4953,0.5897,0.17,0,0.4443999999999999,,,,0,2,1,1
20260520,11,1,2,4,7.26,7.17,0.5304,0.5,0.13,0,0.4,,,,0,2,6,0
20260520,11,1,3,3,5.38,6.12,0.3162999999999999,0.44,0.14,0,0.25,,,,0,2,4,0
20260520,11,1,4,4,6.19,9.0,0.3645,0.75,0.16,0,0.4347999999999999,,,,0,2,3,0
20260520,11,1,5,3,5.92,6.2,0.3944,0.3,0.16,0,0.4347999999999999,,,,0,2,2,0
20260520,11,1,6,4,6.16,6.69,0.3738,0.4,0.12,0,0.4074,,,,0,2,5,0
20260520,11,2,1,3,6.62,6.18,0.4752,0.4211,0.14,0,0.2632,,,,0,3,5,0
20260520,11,2,2,4,6.46,6.61,0.4422,0.4756,0.15,0,0.4167,,,,0,3,4,0
20260520,11,2,3,4,6.74,6.38,0.4746,0.4761999999999999,0.13,0,0.24,,,,0,3,1,1
20260520,11,2,4,4,7.16,6.38,0.4921999999999999,0.375,0.14,0,0.5385,,,,0,3,3,0
20260520,11,2,5,3,6.17,6.27,0.4,0.3659,0.15,0,0.5,,,,0,3,2,0
20260520,11,2,6,3,5.45,5.1,0.2871,0.2885,0.12,0,0.3704,,,,0,3,6,0
20260520,11,3,1,3,6.96,7.68,0.5877,0.5882000000000001,0.15,0,0.2609,,,,0,4,1,1
20260520,11,3,2,3,7.55,0.0,0.6271,0.0,0.16,0,0.2173999999999999,,,,0,4,4,0
20260520,11,3,3,4,7.73,7.33,0.6215999999999999,0.5556,0.13,0,0.4211,,,,0,4,2,0
20260520,11,3,4,4,6.83,7.86,0.5196999999999999,0.6486,0.14,0,0.64,,,,0,4,3,0
20260520,11,3,5,4,6.69,6.31,0.4553999999999999,0.4138,0.14,0,0.3889,,,,0,4,5,0
20260520,11,3,6,4,7.03,4.46,0.551,0.1538,0.15,0,0.4231,,,,0,4,6,0
20260520,11,4,1,3,5.72,4.32,0.3884,0.2857,0.17,0,0.3913,,,,0,2,5,0
20260520,11,4,2,4,6.78,5.79,0.4261,0.3928999999999999,0.15,0,0.3846,,,,0,2,2,0
20260520,11,4,3,4,7.11,7.76,0.5224,0.6315999999999999,0.14,0,0.4643,,,,0,2,3,0
20260520,11,4,4,4,6.6,6.45,0.4914,0.45,0.15,0,0.36,,,,0,2,6,0
20260520,11,4,5,4,6.76,6.68,0.4443999999999999,0.36,0.16,0,0.3157999999999999,,,,0,2,1,1
20260520,11,4,6,3,5.76,6.92,0.3675,0.52,0.15,0,0.3333,,,,0,2,4,0
20260520,11,5,1,3,6.4,6.48,0.439,0.3704,0.14,0,0.5,,,,0,3,6,0
20260520,11,5,2,4,6.66,5.38,0.4673,0.1923,0.14,0,0.3448,,,,0,3,1,1
20260520,11,5,3,3,6.44,6.88,0.4661999999999999,0.5036,0.18,0,0.2857,,,,0,3,5,0
20260520,11,5,4,3,6.12,6.56,0.4418999999999999,0.4443999999999999,0.15,0,0.2593,,,,0,3,2,0
20260520,11,5,5,4,7.58,6.72,0.5876,0.2778,0.15,0,0.4138,,,,0,3,4,0
20260520,11,5,6,4,7.22,6.71,0.5877,0.5357,0.15,0,0.4167,,,,0,3,3,0
20260520,11,6,1,4,7.53,5.78,0.6393,0.3333,0.15,1,0.32,,,,0,3,5,0
20260520,11,6,2,3,6.91,5.6,0.525,0.3293,0.17,0,0.3333,,,,0,3,3,0
20260520,11,6,3,3,6.4,5.87,0.4443999999999999,0.413,0.18,0,0.3684,,,,0,3,1,1
20260520,11,6,4,4,7.21,5.94,0.5345,0.3333,0.18,0,0.3077,,,,0,3,2,0
20260520,11,6,5,3,6.02,4.73,0.4118,0.2708,0.13,0,0.4,,,,0,3,6,0
20260520,11,6,6,3,6.22,4.88,0.4265,0.1765,0.2,0,0.36,,,,0,3,4,0
20260520,11,7,1,4,6.61,5.67,0.4545,0.0,0.15,0,0.3,,,,0,3,1,1
20260520,11,7,2,3,5.89,6.11,0.4185999999999999,0.4772999999999999,0.15,0,0.25,,,,0,3,3,0
20260520,11,7,3,4,6.46,6.61,0.4422,0.4756,0.15,0,0.4167,,,,0,3,2,0
20260520,11,7,4,1,,,,,,0,,,,,0,3,4,0
20260520,11,7,5,4,7.26,7.17,0.5304,0.5,0.13,0,0.4,,,,0,3,5,0
20260520,11,7,6,1,,,,,,0,,,,,0,3,6,0
20260520,11,8,1,4,7.11,7.76,0.5224,0.6315999999999999,0.14,0,0.4643,,,,0,3,2,0
20260520,11,8,2,4,6.19,9.0,0.3645,0.75,0.16,0,0.4347999999999999,,,,0,3,1,1
20260520,11,8,3,1,,,,,,0,,,,,0,3,4,0
20260520,11,8,4,1,,,,,,0,,,,,0,3,6,0
20260520,11,8,5,4,6.74,6.38,0.4746,0.4761999999999999,0.13,0,0.24,,,,0,3,3,0
20260520,11,8,6,1,,,,,,0,,,,,0,3,5,0
20260520,11,9,1,4,7.58,6.72,0.5876,0.2778,0.15,0,0.4138,,,,0,3,1,1
20260520,11,9,2,4,7.16,6.38,0.4921999999999999,0.375,0.14,0,0.5385,,,,0,3,2,0
20260520,11,9,3,1,,,,,,0,,,,,0,3,3,0
20260520,11,9,4,1,,,,,,0,,,,,0,3,6,0
20260520,11,9,5,1,,,,,,0,,,,,0,3,5,0
20260520,11,9,6,1,,,,,,0,,,,,0,3,4,0
20260520,11,10,1,4,6.76,6.68,0.4443999999999999,0.36,0.16,0,0.3157999999999999,,,,0,4,2,0
20260520,11,10,2,4,7.22,6.71,0.5877,0.5357,0.15,0,0.4167,,,,0,4,1,1
20260520,11,10,3,1,,,,,,0,,,,,0,4,3,0
20260520,11,10,4,3,5.39,5.12,0.3607,0.2941,0.17,0,0.25,,,,0,4,5,0
20260520,11,10,5,1,,,,,,0,,,,,0,4,6,0
20260520,11,10,6,1,,,,,,0,,,,,0,4,4,0
20260520,11,11,1,4,7.21,5.94,0.5345,0.3333,0.18,0,0.3077,,,,0,3,1,1
20260520,11,11,2,1,,,,,,0,,,,,0,3,2,0
20260520,11,11,3,1,,,,,,0,,,,,0,3,6,0
20260520,11,11,4,1,,,,,,0,,,,,0,3,3,0
20260520,11,11,5,4,6.61,5.67,0.4545,0.0,0.15,0,0.3,,,,0,3,5,0
20260520,11,11,6,1,,,,,,0,,,,,0,3,4,0
20260520,11,12,1,4,6.98,7.68,0.4839,0.52,0.12,0,0.5172,,,,0,3,1,1
20260520,11,12,2,4,7.18,7.52,0.5091,0.44,0.14,0,0.2307999999999999,,,,0,3,3,0
20260520,11,12,3,4,6.83,6.53,0.4462,0.4736999999999999,0.13,0,0.32,,,,0,3,6,0
20260520,11,12,4,4,7.07,8.0,0.4806,0.6429,0.15,0,0.3461999999999999,,,,0,3,2,0
20260520,11,12,5,4,6.97,7.0,0.487,0.4828,0.12,0,0.36,,,,0,3,4,0
20260520,11,12,6,4,6.57,7.06,0.4871999999999999,0.5596,0.13,0,0.25,,,,0,3,5,0
20260520,14,1,1,3,5.88,5.96,0.3782,0.413,0.16,0,0.5556,,,,0,3,1,1
20260520,14,1,2,2,4.71,4.57,0.2673999999999999,0.2380999999999999,0.17,0,0.1071,,,,0,3,2,0
20260520,14,1,3,1,5.0,,,,,0,,,,,0,3,6,0
20260520,14,1,4,1,1.0,,,,,0,,,,,0,3,5,0
20260520,14,1,5,1,5.0,,,,,0,,,,,0,3,4,0
20260520,14,1,6,1,3.0,,,,,0,,,,,0,3,3,0
20260520,14,2,1,3,6.41,5.63,0.5243,0.3333,0.13,0,0.1333,,,,0,3,1,1
20260520,14,2,2,2,5.82,4.91,0.3762,0.3043,0.16,0,0.2143,,,,0,3,4,0
20260520,14,2,3,4,6.05,6.29,0.4902,0.4286,0.14,0,0.2221999999999999,,,,0,3,2,0
20260520,14,2,4,1,2.0,6.0,,,,0,,,,,0,3,5,0
20260520,14,2,5,4,5.98,5.85,0.3971,0.4443999999999999,0.15,0,0.6875,,,,0,3,3,0
20260520,14,2,6,1,5.0,2.0,,,,0,,,,,0,3,6,0
20260520,14,3,1,3,5.57,5.48,0.375,0.3939,0.17,0,0.2307999999999999,,,,0,3,1,1
20260520,14,3,2,2,4.54,5.4,0.2387999999999999,0.4,0.16,0,0.25,,,,0,3,2,0
20260520,14,3,3,3,5.02,6.0,0.3217,0.3846,0.18,1,0.1153999999999999,,,,0,3,5,0
20260520,14,3,4,1,6.0,,,,,0,,,,,0,3,4,0
20260520,14,3,5,1,4.0,,,,,0,,,,,0,3,3,0
20260520,14,3,6,1,5.0,2.0,,,,0,,,,,0,3,6,0
20260520,14,4,1,4,6.8,6.05,0.5294,0.4211,0.15,0,0.2353,,,,0,4,1,1
20260520,14,4,2,2,4.64,0.0,0.2316,0.0,0.2,0,0.2917,,,,0,4,3,0
20260520,14,4,3,3,4.53,5.86,0.2234,0.5714,0.13,0,0.5455,,,,0,4,4,0
20260520,14,4,4,1,4.0,4.0,,,,0,,,,,0,4,5,0
20260520,14,4,5,1,2.0,4.0,,,,0,,,,,0,4,6,0
20260520,14,4,6,1,3.0,1.0,,,,0,,,,,0,4,2,0
20260520,14,5,1,3,5.21,6.94,0.3364,0.5882000000000001,0.14,0,0.1578999999999999,,,,0,4,3,0
20260520,14,5,2,2,5.53,5.75,0.3402,0.5,0.17,0,0.6923,,,,0,4,5,0
20260520,14,5,3,1,1.0,,,,,0,,,,,0,4,6,0
20260520,14,5,4,3,5.79,5.95,0.3689,0.4474,0.16,0,0.25,,,,0,4,1,1
20260520,14,5,5,1,4.0,1.0,,,,0,,,,,0,4,4,0
20260520,14,5,6,1,1.0,,,,,0,,,,,0,4,2,0
20260520,14,6,1,3,5.91,5.19,0.4036999999999999,0.25,0.15,0,0.4347999999999999,,,,0,3,1,1
20260520,14,6,2,2,4.01,7.38,0.1728,0.625,0.16,0,0.3125,,,,0,3,5,0
20260520,14,6,3,1,6.0,1.0,,,,0,,,,,0,3,2,0
20260520,14,6,4,1,5.0,2.0,,,,0,,,,,0,3,4,0
20260520,14,6,5,1,4.05,4.75,0.225,0.25,0.22,0,0.2963,,,,0,3,3,0
20260520,14,6,6,2,4.27,4.29,0.2165,0.2203,0.15,1,0.2,,,,0,3,6,0
20260520,14,7,1,2,4.64,5.1,0.2307999999999999,0.2,0.17,0,0.3846,,,,0,4,1,1
20260520,14,7,2,2,3.67,3.0,0.1235,0.0,0.17,0,0.2593,,,,0,4,6,0
20260520,14,7,3,1,1.0,,,,,0,,,,,0,4,2,0
20260520,14,7,4,1,2.0,,,,,0,,,,,0,4,5,0
20260520,14,7,5,1,3.0,6.0,,,,0,,,,,0,4,3,0
20260520,14,7,6,1,5.0,2.0,,,,0,,,,,0,4,4,0
20260520,14,8,1,2,5.67,0.0,0.3722999999999999,0.0,0.19,0,0.4286,,,,0,3,1,1
20260520,14,8,2,4,7.07,7.27,0.5366,0.4667,0.15,0,0.2593,,,,0,3,2,0
20260520,14,8,3,1,2.0,,,,,0,,,,,0,3,6,0
20260520,14,8,4,1,5.0,5.0,,,,0,,,,,0,3,4,0
20260520,14,8,5,2,5.82,5.2,0.3617,0.2857,0.13,0,0.3704,,,,0,3,3,0
20260520,14,8,6,1,2.0,,,,,0,,,,,0,3,5,0
20260520,14,9,1,2,4.01,4.8,0.129,0.2787,0.19,0,0.2,,,,0,2,3,0
20260520,14,9,2,1,1.0,,,,,0,,,,,0,2,2,0
20260520,14,9,3,1,4.75,3.79,0.3194,0.1578999999999999,0.17,0,0.4643,,,,0,2,1,1
20260520,14,9,4,2,5.82,4.91,0.3762,0.3043,0.16,0,0.2143,,,,0,2,5,0
20260520,14,9,5,1,2.0,5.0,,,,0,,,,,0,2,6,0
20260520,14,9,6,1,2.0,,,,,0,,,,,0,2,4,0
20260520,14,10,1,4,6.65,6.39,0.5044,0.5556,0.11,0,0.2941,,,,0,3,1,1
20260520,14,10,2,4,5.98,5.85,0.3971,0.4443999999999999,0.15,0,0.6875,,,,0,3,2,0
20260520,14,10,3,1,1.0,5.0,,,,0,,,,,0,3,4,0
20260520,14,10,4,1,4.0,2.0,,,,0,,,,,0,3,3,0
20260520,14,10,5,1,3.0,,,,,0,,,,,0,3,6,0
20260520,14,10,6,3,5.57,5.48,0.375,0.3939,0.17,0,0.2307999999999999,,,,0,3,5,0
20260520,14,11,1,3,6.23,6.35,0.469,0.4118,0.14,0,0.3077,,,,0,5,1,1
20260520,14,11,2,2,4.4,4.35,0.2439,0.2609,0.15,0,0.4231,,,,0,5,4,0
20260520,14,11,3,2,6.65,7.21,0.5604,0.5789,0.14,0,0.6667000000000001,,,,0,5,3,0
20260520,14,11,4,1,5.0,,,,,0,,,,,0,5,5,0
20260520,14,11,5,1,2.0,4.0,,,,0,,,,,0,5,6,0
20260520,14,11,6,3,5.21,6.94,0.3364,0.5882000000000001,0.14,0,0.1578999999999999,,,,0,5,2,0
20260520,14,12,1,4,7.23,7.0,0.5859000000000001,0.6364,0.13,1,0.4,,,,0,4,1,1
20260520,14,12,2,1,1.0,1.0,,,,0,,,,,0,4,4,0
20260520,14,12,3,4,6.06,5.88,0.4706,0.5,0.15,0,0.1875,,,,0,4,2,0
20260520,14,12,4,1,3.0,2.0,,,,0,,,,,0,4,5,0
20260520,14,12,5,1,2.0,6.0,,,,0,,,,,0,4,3,0
20260520,14,12,6,1,3.0,1.0,,,,0,,,,,0,4,6,0
20260520,15,1,1,2,3.7,4.8,0.1124,0.2,0.18,0,0.3861,,,,0,4,3,0
20260520,15,1,2,2,3.53,3.56,0.1648,0.1875,0.19,0,0.3854999999999999,,,,0,4,4,0
20260520,15,1,3,2,4.15,3.05,0.1384999999999999,0.0526,0.17,0,0.3851,,,,0,4,6,0
20260520,15,1,4,1,2.0,6.0,,,,0,,,,,0,4,1,1
20260520,15,1,5,1,3.0,,,,,0,,,,,0,4,2,0
20260520,15,1,6,1,5.0,,,,,0,,,,,0,4,5,0
20260520,15,2,1,2,4.46,4.82,0.2029,0.3182,0.18,0,0.2941,,,,0,3,1,1
20260520,15,2,2,1,5.0,3.0,,,,0,,,,,0,3,6,0
20260520,15,2,3,1,1.0,,,,,0,,,,,0,3,3,0
20260520,15,2,4,1,4.0,,,,,0,,,,,0,3,5,0
20260520,15,2,5,1,5.0,,,,,0,,,,,0,3,2,0
20260520,15,2,6,1,4.0,5.0,,,,0,,,,,0,3,4,0
20260520,15,3,1,1,4.49,3.9,0.2162,0.2414,0.22,0,0.2922,,,,0,4,5,0
20260520,15,3,2,2,4.32,5.31,0.2529,0.3846,0.14,0,0.2658,,,,0,4,6,0
20260520,15,3,3,1,3.0,,,,,0,,,,,0,4,1,1
20260520,15,3,4,2,5.41,5.57,0.3302,0.358,0.15,0,0.375,,,,0,4,3,0
20260520,15,3,5,1,6.0,,,,,0,,,,,0,4,2,0
20260520,15,3,6,1,6.0,3.0,,,,0,,,,,0,4,4,0
20260520,15,4,1,2,5.16,5.79,0.3103,0.3684,0.16,0,0.539,,,,0,3,1,1
20260520,15,4,2,1,4.0,,,,,0,,,,,0,3,3,0
20260520,15,4,3,4,6.86,7.95,0.5175,0.7368000000000001,0.15,0,0.3229999999999999,,,,0,3,5,0
20260520,15,4,4,1,1.0,2.0,,,,0,,,,,0,3,2,0
20260520,15,4,5,1,2.0,4.0,,,,0,,,,,0,3,4,0
20260520,15,4,6,1,2.0,,,,,0,,,,,0,3,6,0
20260520,15,5,1,2,3.77,1.85,0.1918,0.0,0.23,0,0.3918999999999999,,,,0,3,6,0
20260520,15,5,2,2,4.31,4.44,0.271,0.2963,0.18,0,0.4481,,,,0,3,3,0
20260520,15,5,3,2,3.69,4.33,0.1282,0.2221999999999999,0.19,0,0.3851,,,,0,3,2,0
20260520,15,5,4,1,3.0,6.0,,,,0,,,,,0,3,1,1
20260520,15,5,5,1,2.0,4.0,,,,0,,,,,0,3,5,0
20260520,15,5,6,2,4.46,3.78,0.2817,0.1667,0.15,0,0.2830999999999999,,,,0,3,4,0
20260520,15,6,1,3,6.56,6.11,0.4740999999999999,0.5263,0.16,0,0.3775,,,,0,3,1,1
20260520,15,6,2,4,5.74,6.5,0.4,0.5,0.15,0,0.2484,,,,0,3,2,0
20260520,15,6,3,2,4.21,5.27,0.2332999999999999,0.3137,0.17,0,0.3907,,,,0,3,4,0
20260520,15,6,4,2,4.43,5.2,0.2453,0.2332999999999999,0.16,0,0.3038,,,,0,3,3,0
20260520,15,6,5,1,2.0,,,,,0,,,,,0,3,6,0
20260520,15,6,6,1,2.0,,,,,0,,,,,0,3,5,0
20260520,15,7,1,3,6.52,4.62,0.5,0.1538,0.13,0,0.3519,,,,0,3,1,1
20260520,15,7,2,1,3.0,4.0,,,,0,,,,,0,3,3,0
20260520,15,7,3,1,4.0,,,,,0,,,,,0,3,4,0
20260520,15,7,4,2,4.15,3.05,0.1384999999999999,0.0526,0.17,0,0.3851,,,,0,3,5,0
20260520,15,7,5,1,5.0,,,,,0,,,,,0,3,6,0
20260520,15,7,6,1,2.0,,,,,0,,,,,0,3,2,0
20260520,15,8,1,4,5.81,6.16,0.4425,0.4694,0.16,0,0.239,,,,0,1,1,1
20260520,15,8,2,3,5.49,4.0,0.3917,0.2,0.16,0,0.2819,,,,0,1,2,0
20260520,15,8,3,2,4.95,5.73,0.2935,0.2727,0.14,0,0.3806,,,,0,1,4,0
20260520,15,8,4,3,5.75,5.48,0.4014999999999999,0.2955,0.15,0,0.462,,,,0,1,3,0
20260520,15,8,5,2,3.53,3.56,0.1648,0.1875,0.19,0,0.3854999999999999,,,,0,1,5,0
20260520,15,8,6,2,4.2,2.83,0.2273,0.0,0.18,0,0.4052,,,,0,1,6,0
20260520,15,9,1,4,6.81,6.74,0.4583,0.4815,0.14,0,0.4416,,,,1,2,1,1
20260520,15,9,2,1,4.49,3.9,0.2162,0.2414,0.22,0,0.2922,,,,1,2,4,0
20260520,15,9,3,1,2.0,2.0,,,,0,,,,,1,2,2,0
20260520,15,9,4,1,1.0,3.0,,,,0,,,,,1,2,3,0
20260520,15,9,5,1,6.0,,,,,0,,,,,1,2,6,0
20260520,15,9,6,1,1.0,5.0,,,,0,,,,,1,2,5,0
20260520,15,10,1,4,7.54,7.5,0.6,0.5417000000000001,0.14,0,0.2532999999999999,,,,1,3,1,1
20260520,15,10,2,1,3.0,3.0,,,,0,,,,,1,3,2,0
20260520,15,10,3,2,4.31,4.44,0.271,0.2963,0.18,0,0.4481,,,,1,3,4,0
20260520,15,10,4,2,5.16,5.79,0.3103,0.3684,0.16,0,0.539,,,,1,3,5,0
20260520,15,10,5,1,4.0,1.0,,,,0,,,,,1,3,3,0
20260520,15,10,6,1,2.0,,,,,0,,,,,1,3,6,0
20260520,15,11,1,4,6.31,6.16,0.4118,0.4054,0.16,0,0.3667,,,,1,2,3,0
20260520,15,11,2,4,6.86,7.95,0.5175,0.7368000000000001,0.15,0,0.3229999999999999,,,,1,2,2,0
20260520,15,11,3,1,4.0,4.0,,,,0,,,,,1,2,1,1
20260520,15,11,4,1,5.0,2.0,,,,0,,,,,1,2,6,0
20260520,15,11,5,1,1.0,,,,,0,,,,,1,2,4,0
20260520,15,11,6,4,6.58,6.45,0.5182,0.6,0.18,0,0.2645,,,,1,2,5,0
20260520,15,12,1,4,6.42,6.18,0.5113,0.4545,0.13,0,0.2975,,,,1,3,1,1
20260520,15,12,2,1,3.0,,,,,0,,,,,1,3,2,0
20260520,15,12,3,1,1.0,2.0,,,,0,,,,,1,3,4,0
20260520,15,12,4,1,6.0,,,,,0,,,,,1,3,3,0
20260520,15,12,5,1,3.0,1.0,,,,0,,,,,1,3,5,0
20260520,15,12,6,3,6.31,5.73,0.4154,0.35,0.17,0,0.3671,,,,1,3,6,0
20260520,16,1,1,3,5.64,5.36,0.3939,0.3571,0.17,0,0.2951,,,,0,3,1,1
20260520,16,1,2,1,,,,,,0,,,,,0,3,4,0
20260520,16,1,3,1,,,,,,0,,,,,0,3,3,0
20260520,16,1,4,2,4.95,4.49,0.2793,0.1837,0.14,0,0.2422,,,,0,3,6,0
20260520,16,1,5,1,,,,,,0,,,,,0,3,2,0
20260520,16,1,6,1,,,,,,0,,,,,0,3,5,0
20260520,16,2,1,2,3.96,4.81,0.1667,0.2885,0.18,0,0.2541,,,,0,3,5,0
20260520,16,2,2,2,5.72,5.67,0.4022,0.4443999999999999,0.17,0,0.3768999999999999,,,,0,3,1,1
20260520,16,2,3,2,3.47,0.0,0.1477,0.0,0.18,1,0.2857,,,,0,3,2,0
20260520,16,2,4,1,,,,,,0,,,,,0,3,4,0
20260520,16,2,5,1,,,,,,0,,,,,0,3,6,0
20260520,16,2,6,1,,,,,,0,,,,,0,3,3,0
20260520,16,3,1,2,4.93,5.17,0.2717,0.3333,0.15,0,0.24,,,,0,3,1,1
20260520,16,3,2,2,4.28,1.57,0.1505,0.0,0.17,0,0.2385,,,,0,3,3,0
20260520,16,3,3,1,,,,,,0,,,,,0,3,2,0
20260520,16,3,4,1,,,,,,0,,,,,0,3,6,0
20260520,16,3,5,2,3.25,4.46,0.1153999999999999,0.1923,0.21,0,0.2985,,,,0,3,5,0
20260520,16,3,6,1,,,,,,0,,,,,0,3,4,0
20260520,16,4,1,2,4.98,3.83,0.25,0.1553,0.18,0,0.3893,,,,0,2,6,0
20260520,16,4,2,2,4.9,4.7,0.2614,0.25,0.12,0,0.2392999999999999,,,,0,2,5,0
20260520,16,4,3,1,,,,,,0,,,,,0,2,2,0
20260520,16,4,4,4,6.86,7.33,0.5253,0.5556,0.13,0,0.3858,,,,0,2,1,1
20260520,16,4,5,1,,,,,,0,,,,,0,2,4,0
20260520,16,4,6,1,,,,,,0,,,,,0,2,3,0
20260520,16,5,1,2,4.87,3.89,0.266,0.2221999999999999,0.18,0,0.3858,,,,0,2,2,0
20260520,16,5,2,1,,,,,,0,,,,,0,2,1,1
20260520,16,5,3,1,,,,,,0,,,,,0,2,9,0
20260520,16,5,4,3,4.93,4.45,0.2647,0.3636,0.15,0,0.3178,,,,0,2,4,0
20260520,16,5,5,1,1.54,1.4,0.0,0.0,0.22,0,0.2422,,,,0,2,5,0
20260520,16,5,6,1,,,,,,0,,,,,0,2,3,0
20260520,16,6,1,2,5.06,4.11,0.2857,0.2221999999999999,0.15,0,0.3858,,,,0,3,4,0
20260520,16,6,2,4,6.18,4.89,0.4443999999999999,0.1110999999999999,0.14,0,0.3178,,,,0,3,2,0
20260520,16,6,3,3,6.25,6.3,0.4727,0.5,0.14,0,0.5115,,,,0,3,1,1
20260520,16,6,4,1,,,,,,0,,,,,0,3,5,0
20260520,16,6,5,1,,,,,,0,,,,,0,3,3,0
20260520,16,6,6,1,,,,,,0,,,,,0,3,6,0
20260520,16,7,1,2,4.92,6.35,0.2816,0.4,0.16,0,0.3797999999999999,,,,0,4,1,1
20260520,16,7,2,1,,,,,,0,,,,,0,4,3,0
20260520,16,7,3,1,,,,,,0,,,,,0,4,4,0
20260520,16,7,4,1,,,,,,0,,,,,0,4,6,0
20260520,16,7,5,1,,,,,,0,,,,,0,4,5,0
20260520,16,7,6,1,,,,,,0,,,,,0,4,2,0
20260520,16,8,1,3,5.78,4.73,0.4179,0.3333,0.16,0,0.2927,,,,0,3,1,1
20260520,16,8,2,1,,,,,,0,,,,,0,3,2,0
20260520,16,8,3,2,3.69,2.59,0.134,0.0588,0.19,0,0.3203,,,,0,3,5,0
20260520,16,8,4,1,,,,,,0,,,,,0,3,4,0
20260520,16,8,5,2,3.94,3.88,0.2152,0.2307999999999999,0.16,1,0.4331,,,,0,3,3,0
20260520,16,8,6,1,,,,,,0,,,,,0,3,6,0
20260520,16,9,1,4,5.2,0.0,0.3535,0.0,0.14,0,0.3871,,,,1,4,1,1
20260520,16,9,2,3,6.77,5.27,0.5082,0.3268999999999999,0.13,0,0.3023,,,,1,4,3,0
20260520,16,9,3,1,,,,,,0,,,,,1,4,5,0
20260520,16,9,4,1,,,,,,0,,,,,1,4,4,0
20260520,16,9,5,1,,,,,,0,,,,,1,4,2,0
20260520,16,9,6,1,,,,,,0,,,,,1,4,6,0
20260520,16,10,1,2,3.96,3.13,0.1923,0.125,0.18,0,0.4921,,,,1,2,3,0
20260520,16,10,2,4,6.86,7.33,0.5253,0.5556,0.13,0,0.3858,,,,1,2,1,1
20260520,16,10,3,1,,,,,,0,,,,,1,2,4,0
20260520,16,10,4,2,3.25,4.46,0.1153999999999999,0.1923,0.21,0,0.2985,,,,1,2,6,0
20260520,16,10,5,1,,,,,,0,,,,,1,2,2,0
20260520,16,10,6,1,,,,,,0,,,,,1,2,5,0
20260520,16,11,1,4,6.18,4.89,0.4443999999999999,0.1110999999999999,0.14,0,0.3178,,,,1,3,1,1
20260520,16,11,2,3,6.5,6.14,0.4650999999999999,0.381,0.16,0,0.2443,,,,1,3,2,0
20260520,16,11,3,2,4.92,6.35,0.2816,0.4,0.16,0,0.3797999999999999,,,,1,3,6,0
20260520,16,11,4,1,,,,,,0,,,,,1,3,3,0
20260520,16,11,5,1,,,,,,0,,,,,1,3,5,0
20260520,16,11,6,2,4.95,4.49,0.2793,0.1837,0.14,0,0.2422,,,,1,3,4,0
20260520,16,12,1,4,7.05,6.33,0.5827,0.4,0.15,1,0.3465,,,,1,2,3,0
20260520,16,12,2,3,4.93,4.45,0.2647,0.3636,0.15,0,0.3178,,,,1,2,6,0
20260520,16,12,3,4,7.99,8.29,0.5238,0.7258,0.12,0,0.2016,,,,1,2,2,0
20260520,16,12,4,1,,,,,,0,,,,,1,2,5,0
20260520,16,12,5,3,6.25,6.3,0.4727,0.5,0.14,0,0.5115,,,,1,2,1,1
20260520,16,12,6,1,,,,,,0,,,,,1,2,4,0
20260520,17,1,1,2,4.61,3.69,0.2221999999999999,0.1875,0.14,0,0.5,,,,0,0,1,1
20260520,17,1,2,1,4.96,4.97,0.3881,0.3333,0.17,0,0.4247999999999999,,,,0,0,3,0
20260520,17,1,3,1,1.0,3.0,,,,0,,,,,0,0,4,0
20260520,17,1,4,1,5.0,,,,,0,,,,,0,0,10,0
20260520,17,1,5,4,6.7,6.09,0.4545,0.4185999999999999,0.14,0,0.3974,,,,0,0,2,0
20260520,17,1,6,1,5.0,,,,,0,,,,,0,0,5,0
20260520,17,2,1,2,5.93,5.57,0.4124,0.3545,0.15,0,0.4247999999999999,,,,0,1,2,0
20260520,17,2,2,2,5.09,5.25,0.3407,0.125,0.17,0,0.3603,,,,0,1,3,0
20260520,17,2,3,1,2.0,,,,,0,,,,,0,1,4,0
20260520,17,2,4,1,6.0,2.0,,,,0,,,,,0,1,1,1
20260520,17,2,5,1,3.0,,,,,0,,,,,0,1,5,0
20260520,17,2,6,1,6.0,4.0,,,,0,,,,,0,1,6,0
20260520,17,3,1,3,5.97,5.8,0.4153,0.4,0.15,0,0.358,,,,0,2,1,1
20260520,17,3,2,2,5.02,3.78,0.3028,0.1892,0.17,0,0.3087999999999999,,,,0,2,2,0
20260520,17,3,3,1,2.0,,,,,0,,,,,0,2,3,0
20260520,17,3,4,2,4.01,4.22,0.1898999999999999,0.3333,0.15,0,0.3974,,,,0,2,4,0
20260520,17,3,5,1,5.0,6.0,,,,0,,,,,0,2,10,0
20260520,17,3,6,1,4.0,,,,,0,,,,,0,2,5,0
20260520,17,4,1,3,4.93,3.18,0.2930999999999999,0.0588,0.15,0,0.3258,,,,0,1,1,1
20260520,17,4,2,2,5.31,6.11,0.3398,0.4211,0.15,0,0.2307999999999999,,,,0,1,6,0
20260520,17,4,3,2,3.87,4.45,0.1842,0.2414,0.17,0,0.303,,,,0,1,2,0
20260520,17,4,4,1,1.0,5.0,,,,0,,,,,0,1,4,0
20260520,17,4,5,1,2.0,2.0,,,,0,,,,,0,1,5,0
20260520,17,4,6,1,5.0,1.0,,,,0,,,,,0,1,3,0
20260520,17,5,1,3,5.93,5.63,0.4,0.3429,0.15,0,0.449,,,,0,1,1,1
20260520,17,5,2,2,5.13,5.73,0.2435999999999999,0.4545,0.16,0,0.2221999999999999,,,,0,1,9,0
20260520,17,5,3,2,4.81,5.9,0.2791,0.2857,0.16,0,0.2269,,,,0,1,3,0
20260520,17,5,4,1,3.0,3.0,,,,0,,,,,0,1,4,0
20260520,17,5,5,1,5.0,2.0,,,,0,,,,,0,1,2,0
20260520,17,5,6,2,5.04,3.0,0.3011,0.0,0.2,1,0.3766,,,,0,1,7,0
20260520,17,6,1,3,5.59,3.5,0.4090999999999999,0.1,0.18,0,0.2578,,,,0,2,1,1
20260520,17,6,2,1,4.0,,,,,0,,,,,0,2,3,0
20260520,17,6,3,4,7.08,5.8,0.4881,0.4667,0.17,0,0.3423,,,,0,2,2,0
20260520,17,6,4,1,1.0,5.0,,,,0,,,,,0,2,6,0
20260520,17,6,5,1,1.0,4.0,,,,0,,,,,0,2,5,0
20260520,17,6,6,1,2.0,,,,,0,,,,,0,2,4,0
20260520,17,7,1,2,4.95,6.04,0.266,0.4559,0.14,0,0.3529,,,,0,2,1,1
20260520,17,7,2,1,1.0,5.0,,,,0,,,,,0,2,3,0
20260520,17,7,3,3,6.47,7.26,0.4882,0.5106,0.16,0,0.2307999999999999,,,,0,2,2,0
20260520,17,7,4,1,4.0,5.0,,,,0,,,,,0,2,5,0
20260520,17,7,5,1,2.24,2.24,0.0243999999999999,0.027,0.19,0,0.2585,,,,0,2,6,0
20260520,17,7,6,1,3.0,,,,,0,,,,,0,2,4,0
20260520,17,8,1,2,4.49,4.0,0.2716,0.1481,0.17,0,0.4322999999999999,,,,0,2,1,1
20260520,17,8,2,1,4.0,1.0,,,,0,,,,,0,2,6,0
20260520,17,8,3,3,5.08,5.79,0.3023,0.3333,0.13,0,0.2727,,,,0,2,2,0
20260520,17,8,4,1,6.0,3.0,,,,0,,,,,0,2,3,0
20260520,17,8,5,1,5.0,6.0,,,,0,,,,,0,2,5,0
20260520,17,8,6,1,5.0,,,,,0,,,,,0,2,4,0
20260520,17,9,1,3,5.59,5.61,0.3684,0.3868,0.16,0,0.2439,,,,0,2,1,1
20260520,17,9,2,2,4.28,0.0,0.25,0.0,0.17,0,0.3015,,,,0,2,2,0
20260520,17,9,3,1,5.0,3.0,,,,0,,,,,0,2,3,0
20260520,17,9,4,1,1.0,,,,,0,,,,,0,2,5,0
20260520,17,9,5,1,4.0,,,,,0,,,,,0,2,6,0
20260520,17,9,6,1,4.0,,,,,0,,,,,0,2,4,0
20260520,17,10,1,4,5.91,6.07,0.4214,0.3928999999999999,0.14,0,0.4315,,,,0,3,2,0
20260520,17,10,2,4,6.57,5.1,0.4811999999999999,0.1,0.17,0,0.3431,,,,0,3,4,0
20260520,17,10,3,2,4.61,3.69,0.2221999999999999,0.1875,0.14,0,0.5,,,,0,3,5,0
20260520,17,10,4,1,2.0,6.0,,,,0,,,,,0,3,3,0
20260520,17,10,5,1,5.0,,,,,0,,,,,0,3,1,1
20260520,17,10,6,3,4.93,3.18,0.2930999999999999,0.0588,0.15,0,0.3258,,,,0,3,6,0
20260520,17,11,1,4,7.21,5.22,0.513,0.3333,0.14,0,0.4231,,,,0,2,1,1
20260520,17,11,2,1,5.0,1.0,,,,0,,,,,0,2,5,0
20260520,17,11,3,4,6.47,6.4,0.4587,0.5,0.16,0,0.3161,,,,0,2,3,0
20260520,17,11,4,3,5.93,5.63,0.4,0.3429,0.15,0,0.449,,,,0,2,6,0
20260520,17,11,5,2,5.09,5.25,0.3407,0.125,0.17,0,0.3603,,,,0,2,4,0
20260520,17,11,6,2,4.95,6.04,0.266,0.4559,0.14,0,0.3529,,,,0,2,2,0
20260520,17,12,1,4,6.91,6.47,0.5122,0.5882000000000001,0.17,1,0.4552,,,,0,1,1,1
20260520,17,12,2,4,6.7,6.09,0.4545,0.4185999999999999,0.14,0,0.3974,,,,0,1,2,0
20260520,17,12,3,2,4.31,2.68,0.2353,0.1017,0.19,0,0.4245,,,,0,1,3,0
20260520,17,12,4,1,5.0,6.0,,,,0,,,,,0,1,6,0
20260520,17,12,5,2,5.31,6.11,0.3398,0.4211,0.15,0,0.2307999999999999,,,,0,1,5,0
20260520,17,12,6,2,4.49,4.0,0.2716,0.1481,0.17,0,0.4322999999999999,,,,0,1,4,0
20260520,18,1,1,3,5.64,6.44,0.3797999999999999,0.5,0.16,0,0.36,,,,0,3,1,1
20260520,18,1,2,1,,,,,,0,,,,,0,3,4,0
20260520,18,1,3,1,,,,,,0,,,,,0,3,5,0
20260520,18,1,4,2,4.34,4.95,0.2152,0.25,0.14,0,0.3,,,,0,3,3,0
20260520,18,1,5,1,,,,,,0,,,,,0,3,2,0
20260520,18,1,6,1,1.38,1.47,0.0,0.0,0.2,1,0.2692,,,,0,3,6,0
20260520,18,2,1,3,6.14,4.21,0.4184,0.2857,0.17,0,0.1818,,,,0,4,1,1
20260520,18,2,2,2,6.08,5.5,0.4465999999999999,0.3889,0.16,0,0.2917,,,,0,4,6,0
20260520,18,2,3,1,,,,,,0,,,,,0,4,5,0
20260520,18,2,4,1,,,,,,0,,,,,0,4,2,0
20260520,18,2,5,1,,,,,,0,,,,,0,4,4,0
20260520,18,2,6,1,,,,,,0,,,,,0,4,3,0
20260520,18,3,1,3,4.81,3.5,0.2910999999999999,0.1379,0.15,0,0.3889,,,,0,3,1,1
20260520,18,3,2,1,,,,,,0,,,,,0,3,3,0
20260520,18,3,3,1,,,,,,0,,,,,0,3,5,0
20260520,18,3,4,3,5.5,6.12,0.3864,0.4627,0.18,0,0.24,,,,0,3,4,0
20260520,18,3,5,1,1.86,0.0,0.0,0.0,,0,0.3043,,,,0,3,6,0
20260520,18,3,6,1,,,,,,0,,,,,0,3,2,0
20260520,18,4,1,4,5.85,0.0,0.3667,0.0,0.16,0,0.32,,,,0,3,2,0
20260520,18,4,2,3,5.44,4.85,0.3475,0.3,0.18,0,0.8462000000000001,,,,0,3,1,1
20260520,18,4,3,2,3.45,3.29,0.1282,0.0,0.17,0,0.4706,,,,0,3,6,0
20260520,18,4,4,1,,,,,,0,,,,,0,3,3,0
20260520,18,4,5,1,,,,,,0,,,,,0,3,5,0
20260520,18,4,6,2,4.88,4.83,0.2468,0.2778,0.19,0,0.2,,,,0,3,4,0
20260520,18,5,1,2,3.64,4.33,0.1333,0.2221999999999999,0.14,0,0.2143,,,,0,3,2,0
20260520,18,5,2,4,5.58,6.24,0.3505,0.4706,0.15,0,0.4347999999999999,,,,0,3,1,1
20260520,18,5,3,1,,,,,,0,,,,,0,3,3,0
20260520,18,5,4,3,5.64,6.44,0.3797999999999999,0.5,0.16,0,0.36,,,,0,3,4,0
20260520,18,5,5,1,,,,,,0,,,,,0,3,6,0
20260520,18,5,6,1,,,,,,0,,,,,0,3,5,0
20260520,18,6,1,2,3.98,4.73,0.18,0.1333,0.2,0,0.3125,,,,0,3,2,0
20260520,18,6,2,1,5.0,,,,,0,,,,,0,3,3,0
20260520,18,6,3,1,4.0,,,,,0,,,,,0,3,6,0
20260520,18,6,4,4,6.87,6.95,0.5133,0.5238,0.19,0,0.2727,,,,0,3,1,1
20260520,18,6,5,1,,,,,,0,,,,,0,3,5,0
20260520,18,6,6,1,,,,,,0,,,,,0,3,4,0
20260520,18,7,1,2,5.33,5.46,0.2895,0.325,0.15,0,0.1429,,,,0,2,1,1
20260520,18,7,2,2,5.19,4.68,0.2548999999999999,0.3157999999999999,0.16,0,0.2917,,,,0,2,2,0
20260520,18,7,3,1,,,,,,0,,,,,0,2,3,0
20260520,18,7,4,1,,,,,,0,,,,,0,2,5,0
20260520,18,7,5,1,5.0,,,,,0,,,,,0,2,6,0
20260520,18,7,6,1,,,,,,0,,,,,0,2,4,0
20260520,18,8,1,2,2.9,3.22,0.0975999999999999,0.1110999999999999,0.14,0,0.2082999999999999,,,,0,3,1,1
20260520,18,8,2,1,2.0,,,,,0,,,,,0,3,2,0
20260520,18,8,3,1,5.0,,,,,0,,,,,0,3,6,0
20260520,18,8,4,3,6.14,4.21,0.4184,0.2857,0.17,0,0.1818,,,,0,3,5,0
20260520,18,8,5,1,1.0,,,,,0,,,,,0,3,3,0
20260520,18,8,6,1,6.0,,,,,0,,,,,0,3,4,0
20260520,18,9,1,2,3.93,4.0,0.1728,0.375,0.19,0,0.4167,,,,0,2,2,0
20260520,18,9,2,1,2.0,,,,,0,,,,,0,2,1,1
20260520,18,9,3,1,4.0,,,,,0,,,,,0,2,5,0
20260520,18,9,4,2,2.36,0.0,0.04,0.0,0.21,0,0.2173999999999999,,,,0,2,6,0
20260520,18,9,5,1,6.0,,,,,0,,,,,0,2,3,0
20260520,18,9,6,1,4.0,,,,,0,,,,,0,2,4,0
20260520,18,10,1,2,4.65,5.97,0.3494,0.4688,0.17,0,0.44,,,,0,2,1,1
20260520,18,10,2,2,4.88,4.44,0.2118,0.2221999999999999,0.17,0,0.125,,,,0,2,5,0
20260520,18,10,3,3,5.5,6.12,0.3864,0.4627,0.18,0,0.24,,,,0,2,6,0
20260520,18,10,4,2,2.28,1.38,0.0465,0.0,0.17,0,0.0,,,,0,2,4,0
20260520,18,10,5,1,4.0,,,,,0,,,,,0,2,2,0
20260520,18,10,6,1,2.0,,,,,0,,,,,0,2,3,0
20260520,18,11,1,4,6.87,6.95,0.5133,0.5238,0.19,0,0.2727,,,,0,1,1,1
20260520,18,11,2,1,4.0,,,,,0,,,,,0,1,5,0
20260520,18,11,3,1,,,,,,0,,,,,0,1,2,0
20260520,18,11,4,1,,,,,,0,,,,,0,1,6,0
20260520,18,11,5,1,,,,,,0,,,,,0,1,4,0
20260520,18,11,6,3,5.3,6.94,0.3884,0.4722,0.2,0,0.32,,,,0,1,3,0
20260520,18,12,1,4,7.05,6.8,0.5288,0.25,0.15,0,0.6,,,,0,2,1,1
20260520,18,12,2,2,5.33,5.46,0.2895,0.325,0.15,0,0.1429,,,,0,2,2,0
20260520,18,12,3,1,1.0,,,,,0,,,,,0,2,4,0
20260520,18,12,4,1,1.0,,,,,0,,,,,0,2,3,0
20260520,18,12,5,2,3.94,5.3,0.1928,0.2,0.18,0,0.3461999999999999,,,,0,2,5,0
20260520,18,12,6,3,5.78,5.43,0.3876,0.381,0.19,0,0.1667,,,,0,2,6,0
20260520,20,1,1,2,5.62,4.05,0.3711,0.1905,0.2,0,0.2885,,,,0,6,4,0
20260520,20,1,2,1,2.0,,,,,0,,,,,0,6,1,1
20260520,20,1,3,2,5.79,5.43,0.4343,0.4286,0.15,0,0.2727,,,,0,6,6,0
20260520,20,1,4,1,3.0,,,,,0,,,,,0,6,3,0
20260520,20,1,5,2,4.38,4.69,0.2135,0.0625,0.19,0,0.2842,,,,0,6,5,0
20260520,20,1,6,1,3.0,5.0,,,,0,,,,,0,6,2,0
20260520,20,2,1,2,3.81,3.13,0.1632999999999999,0.2,0.16,0,0.3804,,,,0,6,4,0
20260520,20,2,2,2,4.36,3.29,0.1805999999999999,0.0857,0.16,0,0.3465,,,,0,6,1,1
20260520,20,2,3,1,6.0,,,,,0,,,,,0,6,6,0
20260520,20,2,4,3,6.63,7.2,0.4715,0.6,0.13,0,0.2418,,,,0,6,5,0
20260520,20,2,5,1,4.0,,,,,0,,,,,0,6,3,0
20260520,20,2,6,1,6.0,,,,,0,,,,,0,6,2,0
20260520,20,3,1,2,5.25,5.93,0.3036,0.4667,0.17,0,0.3299,,,,0,6,2,0
20260520,20,3,2,2,5.05,5.57,0.31,0.2857,0.17,0,0.4118,,,,0,6,1,1
20260520,20,3,3,1,6.0,,,,,0,,,,,0,6,3,0
20260520,20,3,4,1,1.0,2.0,,,,0,,,,,0,6,6,0
20260520,20,3,5,1,1.0,2.0,,,,0,,,,,0,6,4,0
20260520,20,3,6,1,4.0,6.0,,,,0,,,,,0,6,5,0
20260520,20,4,1,3,5.18,5.67,0.31,0.3333,0.17,0,0.4271,,,,0,6,1,1
20260520,20,4,2,2,4.58,4.25,0.2221999999999999,0.2182,0.2,0,0.3118,,,,0,6,3,0
20260520,20,4,3,3,5.71,6.09,0.3372,0.3913,0.13,0,0.2842,,,,0,6,2,0
20260520,20,4,4,1,4.0,3.0,,,,0,,,,,0,6,5,0
20260520,20,4,5,1,3.0,,,,,0,,,,,0,6,4,0
20260520,20,4,6,1,5.0,3.0,,,,0,,,,,0,6,6,0
20260520,20,5,1,3,5.99,6.36,0.4097999999999999,0.4545,0.18,0,0.3495,,,,0,5,3,0
20260520,20,5,2,1,4.0,2.0,,,,0,,,,,0,5,1,1
20260520,20,5,3,2,4.38,4.69,0.2135,0.0625,0.19,0,0.2842,,,,0,5,6,0
20260520,20,5,4,4,4.7,4.1,0.2621,0.1667,0.17,0,0.4227,,,,0,5,2,0
20260520,20,5,5,2,5.77,0.0,0.3974,0.0,0.19,0,0.2527,,,,0,5,5,0
20260520,20,5,6,1,3.0,5.0,,,,0,,,,,0,5,4,0
20260520,20,6,1,3,5.36,6.62,0.3438,0.5769,0.16,0,0.3333,,,,0,5,3,0
20260520,20,6,2,1,3.0,6.0,,,,0,,,,,0,5,6,0
20260520,20,6,3,4,5.98,7.41,0.3895,0.5294,0.13,0,0.3299,,,,0,5,1,1
20260520,20,6,4,1,6.0,3.0,,,,0,,,,,0,5,5,0
20260520,20,6,5,1,3.0,,,,,0,,,,,0,5,2,0
20260520,20,6,6,1,5.0,1.0,,,,0,,,,,0,5,4,0
20260520,20,7,1,4,6.58,5.6,0.4953,0.3,0.17,0,0.3627,,,,0,5,1,1
20260520,20,7,2,2,4.18,3.14,0.2307999999999999,0.0,0.18,0,0.5155,,,,0,5,4,0
20260520,20,7,3,1,2.0,,,,,0,,,,,0,5,3,0
20260520,20,7,4,1,5.0,,,,,0,,,,,0,5,6,0
20260520,20,7,5,1,1.0,4.0,,,,0,,,,,0,5,5,0
20260520,20,7,6,1,5.0,,,,,0,,,,,0,5,2,0
20260520,20,8,1,3,5.61,5.61,0.3592,0.2857,0.12,1,0.2857,,,,0,5,1,1
20260520,20,8,2,4,6.37,6.5,0.4175,0.4167,0.15,0,0.3211,,,,0,5,2,0
20260520,20,8,3,4,7.42,5.45,0.5962,0.3636,0.12,0,0.3125,,,,0,5,3,0
20260520,20,8,4,2,4.7,0.0,0.1948,0.0,0.16,0,0.3495,,,,0,5,5,0
20260520,20,8,5,1,4.0,,,,,0,,,,,0,5,4,0
20260520,20,8,6,1,4.0,,,,,0,,,,,0,5,6,0
20260520,21,1,1,4,6.4,7.57,0.5041,0.6,0.11,0,0.2221999999999999,,,,0,5,3,0
20260520,21,1,2,4,7.44,0.0,0.5446,0.0,0.14,0,0.3077,,,,0,5,5,0
20260520,21,1,3,4,7.66,5.33,0.5604,0.3333,0.14,0,0.45,,,,0,5,4,0
20260520,21,1,4,1,1.0,2.0,,,,0,,,,,0,5,1,1
20260520,21,1,5,1,1.0,3.0,,,,0,,,,,0,5,2,0
20260520,21,1,6,4,6.88,6.15,0.49,0.45,0.13,1,0.16,,,,0,5,6,0
20260520,21,2,1,4,7.07,6.05,0.5444,0.3684,0.14,0,0.2778,,,,0,5,1,1
20260520,21,2,2,4,7.35,4.78,0.5,0.1110999999999999,0.14,0,0.5263,,,,0,5,4,0
20260520,21,2,3,1,4.0,2.0,,,,0,,,,,0,5,5,0
20260520,21,2,4,1,1.0,6.0,,,,0,,,,,0,5,6,0
20260520,21,2,5,1,3.0,,,,,0,,,,,0,5,3,0
20260520,21,2,6,4,7.19,8.13,0.5238,0.625,0.11,1,0.381,,,,0,5,2,0
20260520,21,3,1,4,7.22,6.94,0.4945,0.5063,0.15,0,0.4736999999999999,,,,0,5,1,1
20260520,21,3,2,4,6.82,7.44,0.4396,0.6341,0.16,0,0.2593,,,,0,5,2,0
20260520,21,3,3,1,2.0,,,,,0,,,,,0,5,3,0
20260520,21,3,4,4,6.45,6.44,0.4286,0.2221999999999999,0.14,0,0.65,,,,0,5,6,0
20260520,21,3,5,1,4.0,,,,,0,,,,,0,5,5,0
20260520,21,3,6,1,5.0,,,,,0,,,,,0,5,4,0
20260520,21,4,1,4,6.72,7.22,0.4299,0.4443999999999999,0.11,0,0.3333,,,,0,6,3,0
20260520,21,4,2,1,5.0,,,,,0,,,,,0,6,6,0
20260520,21,4,3,4,6.33,4.5,0.4432999999999999,0.25,0.12,0,0.3684,,,,0,6,4,0
20260520,21,4,4,1,1.0,,,,,0,,,,,0,6,1,1
20260520,21,4,5,1,1.0,,,,,0,,,,,0,6,5,0
20260520,21,4,6,1,3.0,,,,,0,,,,,0,6,2,0
20260520,21,5,1,4,7.49,8.09,0.5115999999999999,0.6857,0.13,0,0.4167,,,,0,5,1,1
20260520,21,5,2,4,6.02,7.0,0.3238,0.4375,0.14,0,0.1667,,,,0,5,5,0
20260520,21,5,3,4,6.21,6.04,0.3925,0.5,0.16,0,0.4,,,,0,5,2,0
20260520,21,5,4,4,7.62,7.11,0.49,0.5263,0.12,0,0.7619,,,,0,5,6,0
20260520,21,5,5,1,6.0,3.0,,,,0,,,,,0,5,4,0
20260520,21,5,6,1,3.0,3.0,,,,0,,,,,0,5,3,0
20260520,21,6,1,4,7.2,6.44,0.4783,0.4443999999999999,0.14,0,0.2667,,,,0,6,3,0
20260520,21,6,2,4,6.68,0.0,0.4074,0.0,0.13,1,0.4736999999999999,,,,0,6,2,0
20260520,21,6,3,1,4.0,,,,,0,,,,,0,6,6,0
20260520,21,6,4,1,5.0,1.0,,,,0,,,,,0,6,5,0
20260520,21,6,5,1,3.0,1.0,,,,0,,,,,0,6,1,1
20260520,21,6,6,1,5.0,1.0,,,,0,,,,,0,6,4,0
20260520,21,7,1,4,8.15,8.06,0.6019,0.5882000000000001,0.13,0,0.5789,,,,0,5,2,0
20260520,21,7,2,4,7.11,5.0,0.4854,0.4,0.15,0,0.5263,,,,0,5,5,0
20260520,21,7,3,1,4.0,,,,,0,,,,,0,5,6,0
20260520,21,7,4,1,1.0,3.0,,,,0,,,,,0,5,1,1
20260520,21,7,5,4,6.77,6.18,0.4107,0.3571,0.11,0,0.2778,,,,0,5,4,0
20260520,21,7,6,1,4.0,2.0,,,,0,,,,,0,5,3,0
20260520,21,8,1,4,7.07,6.0,0.4368,0.2221999999999999,0.14,0,0.3157999999999999,,,,0,5,1,1
20260520,21,8,2,4,6.33,4.5,0.4432999999999999,0.25,0.12,0,0.3684,,,,0,5,6,0
20260520,21,8,3,4,7.23,7.34,0.5114,0.5472,0.15,0,0.1739,,,,0,5,4,0
20260520,21,8,4,1,3.0,,,,,0,,,,,0,5,5,0
20260520,21,8,5,1,2.0,,,,,0,,,,,0,5,3,0
20260520,21,8,6,4,7.21,6.33,0.5,0.4,0.13,0,0.4736999999999999,,,,0,5,2,0
20260520,21,9,1,4,7.81,6.71,0.5698,0.3333,0.12,0,0.5,,,,1,5,1,1
20260520,21,9,2,4,6.8,6.25,0.5588000000000001,0.5,0.14,0,0.48,,,,1,5,4,0
20260520,21,9,3,4,7.07,6.75,0.5323,0.5,0.15,0,0.2593,,,,1,5,9,0
20260520,21,9,4,4,6.35,6.56,0.3579,0.3333,0.1,1,0.4211,,,,1,5,3,0
20260520,21,9,5,1,6.0,,,,,0,,,,,1,5,5,0
20260520,21,9,6,1,6.0,,,,,0,,,,,1,5,2,0
20260520,21,10,1,4,6.68,0.0,0.4074,0.0,0.13,1,0.4736999999999999,,,,1,4,1,1
20260520,21,10,2,1,6.0,,,,,0,,,,,1,4,6,0
20260520,21,10,3,1,4.0,,,,,0,,,,,1,4,3,0
20260520,21,10,4,1,1.0,6.0,,,,0,,,,,1,4,5,0
20260520,21,10,5,1,3.0,1.0,,,,0,,,,,1,4,2,0
20260520,21,10,6,1,5.0,1.0,,,,0,,,,,1,4,4,0
20260520,21,11,1,4,6.45,6.44,0.4286,0.2221999999999999,0.14,0,0.65,,,,1,4,1,1
20260520,21,11,2,4,7.19,5.93,0.5474,0.4,0.12,0,0.5294,,,,1,4,3,0
20260520,21,11,3,4,8.15,8.06,0.6019,0.5882000000000001,0.13,0,0.5789,,,,1,4,2,0
20260520,21,11,4,4,7.07,6.0,0.4368,0.2221999999999999,0.14,0,0.3157999999999999,,,,1,4,5,0
20260520,21,11,5,1,2.0,,,,,0,,,,,1,4,4,0
20260520,21,11,6,1,4.0,2.0,,,,0,,,,,1,4,6,0
20260520,21,12,1,4,6.87,6.78,0.4609,0.2221999999999999,0.13,0,0.3889,,,,1,5,1,1
20260520,21,12,2,4,7.88,8.33,0.5333,0.6389,0.14,0,0.3889,,,,1,5,4,0
20260520,21,12,3,1,4.0,1.0,,,,0,,,,,1,5,5,0
20260520,21,12,4,1,1.0,,,,,0,,,,,1,5,3,0
20260520,21,12,5,1,1.0,,,,,0,,,,,1,5,2,0
20260520,21,12,6,4,6.05,6.77,0.3975999999999999,0.4545,0.14,0,0.35,,,,1,5,6,0
